<?xml version="1.0" encoding="UTF-8" standalone="yes"?>
<rest-connector xmlns="http://www.softwareag.com/cloudstreams/metadata/handler/model" id="com.softwareag.cloudstreams.salesmatecrmactivityv03" version="1.0" group="salesmateCRMActivityV03" name="salesmateCRMActivityV03" displayName="salesmateCRMActivityV03">
    <connections>
        <connection type="sagcloud" name="SAG_Connection" displayName="SAG_Connection">
            <groups>
                <group type="connection" name="connection" displayName="Connection">
                    <description>Define the required connection configurations to initiate communication with the SaaS provider.</description>
                    <fields>
                        <field isRequired="true" isEncrypted="false" isHidden="false" isArray="false" defaultValue="https://softwareag.salesmate.io/apis/v3" name="cn.providerUrl" displayName="Server URL">
                            <description>The native provider endpoint target for the connection configuration</description>
                        </field>
                    </fields>
                </group>
                <group type="custom" name="custom" displayName="Custom">
                    <description>Define any custom configurations specific to the SaaS provider.</description>
                    <fields>
                        <field type="string" isRequired="true" isEncrypted="false" isHidden="false" isArray="false" modelType="Basic" name="cx.sessionToken" displayName="Session Token"/>
                        <field type="string" isRequired="false" isEncrypted="false" isHidden="false" isArray="false" modelType="Basic" name="cx.x-linkname" displayName="x-linkname"/>
                    </fields>
                </group>
            </groups>
        </connection>
    </connections>
    <services>
        <service xmlns:xsi="http://www.w3.org/2001/XMLSchema-instance" xsi:type="RESTServiceType" endpoint="${cn.providerUrl}" name="default_resourcegroup" displayName="Default_ResourceGroup">
            <documentModel packageName="." nsName="com.softwareag.cloudstreams.salesmatecrmactivityv03.default_resourcegroup.doctypes" useInlineModel="true"/>
            <resources>
                <mappings/>
            </resources>
        </service>
        <service xmlns:xsi="http://www.w3.org/2001/XMLSchema-instance" xsi:type="RESTServiceType" endpoint="${cn.providerUrl}" name="activity" displayName="Activity">
            <description>Appointments or tasks or events on a calendar that can be associated with a Deal, a Contact and a Company</description>
            <documentModel packageName="." nsName="com.softwareag.cloudstreams.salesmatecrmactivityv03.activity.doctypes" useInlineModel="true"/>
            <resources>
                <mappings/>
                <resource method="POST" path="/tasks/" type="SIMPLE" name="postNewActivity" displayName="NewActivity">
                    <mappings>
                        <map isRequired="true" context="IN" name="sessionToken">
                            <source type="IDATA">cx.sessionToken</source>
                            <target type="HEADER">sessionToken</target>
                        </map>
                    </mappings>
                    <parameters/>
                    <request name="newActivity_Req" messageFormatterType="application/json" builderType="application/octet+idataoref" documentRef="com.softwareag.cloudstreams.salesmatecrmactivityv03.activity.doctypes:newActivity_Req" excludeRoot="true" dimension="0"/>
                    <responses>
                        <response name="newActivity_SuccessResp" code="200" messageFormatterType="application/octet+idataoref" builderType="application/json" documentRef="com.softwareag.cloudstreams.salesmatecrmactivityv03.activity.doctypes:newActivity_SuccessResp" excludeRoot="true" dimension="0"/>
                    </responses>
                </resource>
                <resource method="GET" path="/tasks/{activityId}" type="SIMPLE" name="getfetchActivity" displayName="fetchActivity">
                    <mappings>
                        <map isRequired="true" context="IN" name="sessionToken">
                            <source type="IDATA">cx.sessionToken</source>
                            <target type="HEADER">sessionToken</target>
                        </map>
                        <map isRequired="true" context="IN" name="x-linkname">
                            <source type="IDATA">cx.x-linkname</source>
                            <target type="HEADER">x-linkname</target>
                        </map>
                    </mappings>
                    <parameters>
                        <parameter name="activityId" isRequired="true" style="URI_CONTEXT"/>
                        <parameter name="trackingRecentSearch" style="QUERYSTRING_PARAM" defaultValue="true"/>
                    </parameters>
                    <responses>
                        <response name="getActivity_resp" code="200" messageFormatterType="application/octet+idataoref" builderType="application/json" documentRef="com.softwareag.cloudstreams.salesmatecrmactivityv03.activity.doctypes:getActivity_resp" excludeRoot="true" dimension="0"/>
                    </responses>
                </resource>
                <resource method="PUT" path="/tasks/{activityId}" type="SIMPLE" name="putupdateActivity" displayName="updateActivity">
                    <mappings>
                        <map isRequired="true" context="IN" name="sessionToken">
                            <source type="IDATA">cx.sessionToken</source>
                            <target type="HEADER">sessionToken</target>
                        </map>
                        <map isRequired="true" context="IN" name="x-linkname">
                            <source type="IDATA">cx.x-linkname</source>
                            <target type="HEADER">x-linkname</target>
                        </map>
                    </mappings>
                    <parameters>
                        <parameter name="activityId" isRequired="true" style="URI_CONTEXT"/>
                    </parameters>
                    <request name="updateActivity_req" messageFormatterType="application/json" builderType="application/octet+idataoref" documentRef="com.softwareag.cloudstreams.salesmatecrmactivityv03.activity.doctypes:updateActivity_req" excludeRoot="true" dimension="0"/>
                    <responses>
                        <response name="updateActivity_resp" code="200" messageFormatterType="application/octet+idataoref" builderType="application/json" documentRef="com.softwareag.cloudstreams.salesmatecrmactivityv03.activity.doctypes:updateActivity_resp" excludeRoot="true" dimension="0"/>
                    </responses>
                </resource>
            </resources>
        </service>
        <service xmlns:xsi="http://www.w3.org/2001/XMLSchema-instance" xsi:type="RESTServiceType" endpoint="${cn.providerUrl}" name="company" displayName="Company">
            <description>Company is any kind of organization with whom you are making Deals. Contact can be associated with company so that each company can contain one or more Contacts.</description>
            <documentModel packageName="." nsName="com.softwareag.cloudstreams.salesmatecrmactivityv03.company.doctypes" useInlineModel="true"/>
            <resources>
                <mappings/>
                <resource method="GET" path="/companies/{companyID}" type="SIMPLE" name="getfetchCompany" displayName="fetchCompany">
                    <mappings>
                        <map isRequired="true" context="IN" name="sessionToken">
                            <source type="IDATA">cx.sessionToken</source>
                            <target type="HEADER">sessionToken</target>
                        </map>
                        <map isRequired="true" context="IN" name="x-linkname">
                            <source type="IDATA">cx.x-linkname</source>
                            <target type="HEADER">x-linkname</target>
                        </map>
                    </mappings>
                    <parameters>
                        <parameter name="companyID" isRequired="true" style="URI_CONTEXT"/>
                        <parameter name="trackingRecentSearch" style="QUERYSTRING_PARAM" defaultValue="true"/>
                    </parameters>
                    <responses>
                        <response name="getCompany_failureResp" code="404" messageFormatterType="application/octet+idataoref" builderType="application/json" documentRef="com.softwareag.cloudstreams.salesmatecrmactivityv03.company.doctypes:getCompany_failureResp" excludeRoot="true" dimension="0"/>
                        <response name="getCompany_SuccessResp" code="200" messageFormatterType="application/octet+idataoref" builderType="application/json" documentRef="com.softwareag.cloudstreams.salesmatecrmactivityv03.company.doctypes:getCompany_SuccessResp" excludeRoot="true" dimension="0"/>
                    </responses>
                </resource>
                <resource method="POST" path="/companies" type="SIMPLE" name="postaddCompany" displayName="addCompany">
                    <mappings>
                        <map isRequired="true" context="IN" name="sessionToken">
                            <source type="IDATA">cx.sessionToken</source>
                            <target type="HEADER">sessionToken</target>
                        </map>
                        <map isRequired="true" context="IN" name="x-linkname">
                            <source type="IDATA">cx.x-linkname</source>
                            <target type="HEADER">x-linkname</target>
                        </map>
                    </mappings>
                    <parameters/>
                    <request name="addCompany_Req" messageFormatterType="application/json" builderType="application/octet+idataoref" documentRef="com.softwareag.cloudstreams.salesmatecrmactivityv03.company.doctypes:addCompany_Req" excludeRoot="true" dimension="0"/>
                    <responses>
                        <response name="addCompany_Resp" code="200" messageFormatterType="application/octet+idataoref" builderType="application/json" documentRef="com.softwareag.cloudstreams.salesmatecrmactivityv03.company.doctypes:addCompany_Resp" excludeRoot="true" dimension="0"/>
                    </responses>
                </resource>
                <resource method="PUT" path="/companies/{CompanyId}" type="SIMPLE" name="putupdateCompany" displayName="updateCompany">
                    <mappings>
                        <map isRequired="true" context="IN" name="sessionToken">
                            <source type="IDATA">cx.sessionToken</source>
                            <target type="HEADER">sessionToken</target>
                        </map>
                        <map isRequired="true" context="IN" name="x-linkname">
                            <source type="IDATA">cx.x-linkname</source>
                            <target type="HEADER">x-linkname</target>
                        </map>
                    </mappings>
                    <parameters>
                        <parameter name="CompanyId" isRequired="true" style="URI_CONTEXT"/>
                    </parameters>
                    <request name="updateCompany_Req" messageFormatterType="application/json" builderType="application/octet+idataoref" documentRef="com.softwareag.cloudstreams.salesmatecrmactivityv03.company.doctypes:updateCompany_Req" excludeRoot="true" dimension="0"/>
                    <responses>
                        <response name="updateCompany_Resp" code="200" messageFormatterType="application/octet+idataoref" builderType="application/json" documentRef="com.softwareag.cloudstreams.salesmatecrmactivityv03.company.doctypes:updateCompany_Resp" excludeRoot="true" dimension="0"/>
                    </responses>
                </resource>
            </resources>
        </service>
    </services>
</rest-connector>
